accuracy,precision,recall,f1_score,roc_auc,sensitivity,specificity,fpr,fnr
0.8666666666666667,0.8666666666666667,0.8666666666666667,0.8666666666666667,0.9766666666666667,0.8666666666666667,0.9333333333333332,0.06666666666666667,0.13333333333333333
