accuracy,precision,recall,f1_score,roc_auc,sensitivity,specificity,fpr,fnr
0.9666666666666667,0.9696969696969697,0.9666666666666667,0.9665831244778613,0.9916666666666667,0.9666666666666667,0.9833333333333334,0.016666666666666666,0.03333333333333333
