accuracy,precision,recall,f1_score,roc_auc,sensitivity,specificity,fpr,fnr
0.8,0.7999999999999999,0.7999999999999999,0.7999999999999999,0.9633333333333334,0.7999999999999999,0.9,0.09999999999999999,0.19999999999999998
