accuracy,precision,recall,f1_score,roc_auc,sensitivity,specificity,fpr,fnr
0.9,0.923076923076923,0.9,0.8976982097186701,1.0,0.9,0.9500000000000001,0.049999999999999996,0.09999999999999999
