accuracy,precision,recall,f1_score,roc_auc,sensitivity,specificity,fpr,fnr
0.9333333333333333,0.9444444444444445,0.9333333333333332,0.9326599326599326,0.9933333333333333,0.9333333333333332,0.9666666666666667,0.03333333333333333,0.06666666666666667
