accuracy,precision,recall,f1_score,roc_auc,sensitivity,specificity,fpr,fnr
0.8333333333333334,0.8498168498168498,0.8333333333333334,0.8294970161977835,0.9483333333333333,0.8333333333333334,0.9166666666666666,0.08333333333333333,0.16666666666666666
