accuracy,precision,recall,f1_score,roc_auc,sensitivity,specificity,fpr,fnr
0.9,0.9023569023569024,0.9,0.899749373433584,0.98,0.9,0.9499999999999998,0.05000000000000001,0.10000000000000002
