accuracy,precision,recall,f1_score,roc_auc,sensitivity,specificity,fpr,fnr
0.8333333333333334,0.8350168350168351,0.8333333333333334,0.8329156223893066,0.9558333333333334,0.8333333333333334,0.9166666666666666,0.08333333333333333,0.16666666666666666
